Timestamp,Backend,Model,Temp,Iterasi,Waktu (s),Respons,Status
2026-03-17 14:59:53,Ollama,qwen2.5vl:3b,0.1,1,290.16,1. Deskripsi: Pakaian orang tersebut adalah kemeja putih dengan lengan pendek. Warna utama adalah putih.  2. Analisis: Pakaian tersebut cocok untuk 'wawancara kerja di kantor korporat' karena kemeja putih adalah pakaian formal yang umum digunakan dalam acara ini.  3. Saran: Saran singkat untuk memperbaiki penampilannya adalah memperhatikan penampilan rapi dan bersih.,Success
2026-03-17 15:00:02,Ollama,qwen2.5vl:3b,0.1,2,9.49,"1. Desripsi: Pakaian orang tersebut adalah sebuah kemeja putih dengan lengan pendek.   2. Analisis: Kemeja putih dengan lengan pendek cocok untuk 'wawancara kerja di kantor korporat' karena seragam kantor umumnya menggunakan warna putih sebagai dasar. Namun, pakaian ini mungkin terkesan formal terlalu formal, terutama jika acara tersebut membutuhkan penampilan yang lebih santai.  3. Saran: Untuk memperbaiki penampilannya, orang tersebut bisa mempertimbangkan untuk menggunakan kemeja dengan lengan panjang atau pakaian yang lebih santai seperti jaket atau blouse.",Success
2026-03-17 15:00:11,Ollama,qwen2.5vl:3b,0.1,3,8.24,"1. Desripsi: Pakaian yang digunakan adalah kemeja putih dengan lengan pendek. Warna utama adalah putih dan abu-abu.  2. Analisis: Pakaian ini cocok untuk 'wawancara kerja di kantor korporat' karena kemeja putih sering digunakan dalam konteks formal dan profesional. Warna putih dan abu-abu juga memberikan kesan yang sopan dan profesional.  3. Saran: Untuk memperbaiki penampilannya, sebaiknya tambahkan aksesori seperti gelang atau gelang untuk menambahkan sentuhan个人风格.",Success
2026-03-17 15:00:21,Ollama,qwen2.5vl:3b,0.4,1,9.92,"1. Desripsi: Pakaian yang digunakan adalah sebuah kemeja putih dengan lengan pendek. Warna utama kemeja ini adalah putih dengan beberapa detail warna yang lebih gelap.  2. Analisis: Kemeja putih dengan lengan pendek biasanya cocok digunakan dalam berbagai situasi, termasuk wawancara kerja di kantor korporat. Namun, untuk penampilan yang lebih profesional, bisa diperbarui dengan menggunakan kemeja formal atau jaket hitam yang lebih cocok untuk acara formal seperti wawancara kerja di kantor korporat.  3. Saran: Saya sarankan untuk memperbarui penampilan dengan menggunakan jaket hitam yang lebih formal untuk meningkatkan penampilan profesionalitas.",Success
2026-03-17 15:00:31,Ollama,qwen2.5vl:3b,0.4,2,10.34,"1. Desripsi: Pakaian yang digunakan adalah kemeja putih dengan lengan pendek. Warna utama adalah putih.  2. Analisis: Pakaian ini cocok untuk 'wawancara kerja di kantor korporat' karena kemeja putih sering digunakan dalam konteks formal dan profesional. Namun, pakaian ini mungkin terkesan terlalu sopan untuk acara formal seperti wawancara kerja di kantor korporat.  3. Saran: Untuk memperbaiki penampilannya, saran yang diberikan adalah untuk memilih pakaian yang lebih santai dan kasual, seperti jaket atau blouse dengan lengan pendek, yang lebih cocok untuk acara formal seperti wawancara kerja di kantor korporat.",Success
2026-03-17 15:00:38,Ollama,qwen2.5vl:3b,0.4,3,7.06,"1. Desripsi: Pakaian orang tersebut adalah sebuah kemeja putih dengan lengan pendek.   2. Analisis: Kemeja putih dengan lengan pendek cocok untuk 'wawancara kerja di kantor korporat' karena seragam kantor umumnya menggunakan warna putih sebagai simbol ke profesionalitas dan kesederhanaan.   3. Saran: Untuk memperbaiki penampilannya, orang tersebut bisa menggunakan topi atau topi kecil untuk menambahkan kesan profesional.",Success
2026-03-17 15:00:48,Ollama,qwen2.5vl:3b,0.7,1,10.06,"1. Deskripsi: Pria tersebut memakai kemeja berwarna abu-abu dengan detail dasar warna putih. Kemeja tersebut tampak formal dan sopan.  2. Analisis: Kemeja abu-abu dengan detail warna putih ini cocok untuk 'wawancara kerja di kantor korporat' karena penampilannya formal dan sopan. Namun, perhatikan bahwa warna abu-abu mungkin terlalu klasik, terutama jika acara tersebut membutuhkan penampilan yang lebih berani.  3. Saran: Untuk penampilan yang lebih berani, pria tersebut bisa mengganti warna kemeja menjadi warna yang lebih cerah atau berani seperti biru atau hijau.",Success
2026-03-17 15:00:57,Ollama,qwen2.5vl:3b,0.7,2,9.15,"1. Desripsi: Orang ini mengenakan kemeja putih dengan lengan pendek. Kemeja tersebut terlihat formal dan cocok untuk acara formal seperti wawancara kerja.  2. Analisis: Kemeja putih dengan lengan pendek adalah pakaian yang sangat cocok untuk acara formal seperti wawancara kerja di kantor korporat. Kemeja tersebut tidak terlalu formal dan juga tidak terlalu formal, sehingga sangat sesuai untuk acara ini.  3. Saran: Untuk memperbaiki penampilannya, saya sarankan orang tersebut untuk menambahkan sepotong topi formal atau topi hitam untuk menambah kesan profesional.",Success
2026-03-17 15:01:05,Ollama,qwen2.5vl:3b,0.7,3,8.24,1. Desripsi: Pakaian yang digunakan adalah kemeja kerja warna putih dengan pola batik cokelat. Kemeja ini memiliki lengan pendek dan dikenakan dengan lengan tertutup.  2. Analisis: Pakaian yang digunakan cocok untuk 'wawancara kerja di kantor korporat' karena kemeja kerja biasanya dikenakan untuk acara formal atau non-formal di kantor korporat.  3. Saran: Kemeja yang digunakan bisa dipadukan dengan tas atau dompet yang lebih formal untuk menambah kesan profesional pada penampilan.,Success
2026-03-17 15:01:14,Ollama,qwen2.5vl:3b,1.0,1,8.39,"1. Desripsi: Pakaian orang tersebut adalah sebuah kemeja putih dengan bintik biru yang terdapat pada dasarnya.   2. Analisis: Pakaian tersebut cocok untuk 'wawancara kerja di kantor korporat' karena kemeja putih dengan bintik biru biasanya dikenakan oleh orang dewasa, terutama dalam berbagai acara formal.  3. Saran: Untuk memperbaiki penampilannya, saya sarankan untuk memperbaiki penampilannya dengan penambahan sepatu formal atau sepatu dengan hak yang lebih tinggi untuk membuat penampilannya lebih profesional.",Success
2026-03-17 15:01:23,Ollama,qwen2.5vl:3b,1.0,2,9.39,"1. DESKRIPSI: Orang ini mengenakan kemeja putih dengan detail dasi dan bintik yang menutupi bagian lengan dan dada. Pria tersebut juga memakai kacamata dengan lensa biru yang terang-terangan.  2. ANALISIS: Pakaian tersebut cocok untuk 'wawancara kerja di kantor korporat' karena desain kemeja dan kacamata sangat formal dan profesional. Pria ini juga sedang bersih-bersih dengan pakaian yang cocok untuk acara formal ini.  3. SARAN: Untuk memperbaiki penampilannya, pria tersebut dapat mengenakan topi kerjanya untuk menambah kesan profesional dan formal.",Success
2026-03-17 15:01:31,Ollama,qwen2.5vl:3b,1.0,3,7.55,"1. Deskripsi: Pakaian orang tersebut adalah seragam kementerian putih dengan lengan pendek dan polos.   2. Analisis: Pakaian tersebut cocok untuk 'wawancara kerja di kantor korporat'. Seragam kementerian putih sering dipakai di kantor korporat, sehingga tidak terlalu formal dan sopan.   3. Saran: Untuk memperbaiki penampilannya, bisa merujuk pada pakaian pria profesional seperti seragam baju kerja.",Success
2026-03-17 15:08:02,Ollama,qwen2.5vl:7b,0.1,1,349.05,1. DESKRIPSI: Pria ini memakai kemeja pendek warna abu-abu dengan kerah putih. Kemeja tersebut memiliki tiga kancing di depan dan tangan pendek.  2. ANALISIS: Pakaian tersebut cocok untuk wawancara kerja di kantor korporat. Kemeja pendek dan warna abu-abu yang netral cocok dengan gaya pakaian formal yang umum digunakan dalam acara tersebut.  3. SARAN: Pria ini bisa menambahkan dasi atau lencana kecil di kemeja untuk menambah kesan formal dan profesional.,Success
2026-03-17 15:08:17,Ollama,qwen2.5vl:7b,0.1,2,15.12,1. DESKRIPSI: Pria ini mengenakan kemeja pendek warna abu-abu dengan kerah putih. Kemeja tersebut tampak bersih dan rapi.  2. ANALISIS: Pakaian tersebut cocok untuk wawancara kerja di kantor korporat. Kemeja pendek dan warna abu-abu memberikan kesan profesional dan tidak terlalu formal.  3. SARAN: Pria ini bisa mengenakan kemeja dengan kerah putih yang lebih panjang untuk penampilan yang lebih formal dan profesional.,Success
2026-03-17 15:08:31,Ollama,qwen2.5vl:7b,0.1,3,14.54,1. DESKRIPSI: Pria ini memakai kemeja pendek warna abu-abu dengan kerah putih. Kemeja tersebut terlihat bersih dan rapi.  2. ANALISIS: Pakaian tersebut cocok untuk wawancara kerja di kantor korporat. Kemeja pendek dan kerah putih memberikan kesan formal dan profesional.  3. SARAN: Pria ini bisa mempertimbangkan untuk mengenakan kemeja lengan panjang untuk penampilan yang lebih formal dan profesional.,Success
2026-03-17 15:08:47,Ollama,qwen2.5vl:7b,0.4,1,15.82,1. DESKRIPSI: Pria ini memakai kemeja pendek warna abu-abu dengan kerah putih. Kemeja tersebut memiliki tiga kancing yang terbuka di bagian depan.  2. ANALISIS: Pakaian ini cocok untuk wawancara kerja di kantor korporat karena warna abu-abu yang netral dan kemeja pendek yang memberikan kesan profesional namun tidak terlalu formal.  3. SARAN: Menambahkan dasi atau memakai jaket blazer pendek untuk menambah kesan formal dan profesional.,Success
2026-03-17 15:09:02,Ollama,qwen2.5vl:7b,0.4,2,14.51,1. DESKRIPSI: Pria ini mengenakan kemeja pendek warna abu-abu dengan kerah putih. Kemeja tersebut terlihat bersih dan rapi.  2. ANALISIS: Pakaian tersebut cocok untuk wawancara kerja di kantor korporat. Kemeja pendek dan kerah putih memberikan kesan formal dan profesional.  3. SARAN: Pria ini dapat memperbaiki penampilannya dengan mengenakan celana formal seperti chino atau jeans formal yang bersih dan rapi.,Success
2026-03-17 15:09:18,Ollama,qwen2.5vl:7b,0.4,3,16.47,"1. DESKRIPSI: Pria ini mengenakan kemeja pendek berwarna abu-abu dengan kerah putih. Kemeja ini memiliki tiga kancing di depan dan tangan pendek.   2. ANALISIS: Pakaian ini cocok untuk wawancara kerja di kantor korporat. Kemeja pendek dan warna abu-abu tradisional memberikan penampilan yang profesional dan formal.  3. SARAN: Untuk memperbaiki penampilannya, ia bisa mengganti kemeja pendek dengan kemeja lengan panjang untuk kesan yang lebih formal.",Success
2026-03-17 15:09:30,Ollama,qwen2.5vl:7b,0.7,1,12.04,"1. Dia mengenakan kemeja putih dengan kerah yang terbuka, berbahan halus dan bersih. Kemeja tersebut tampak formal namun tetap santai.  2. Pakaian ini cocok untuk wawancara kerja di kantor korporat. Kemeja putih adalah pilihan yang aman dan profesional.  3. Saran: Tambahkan dasi hitam untuk penampilan yang lebih formal dan profesional.",Success
2026-03-17 15:09:41,Ollama,qwen2.5vl:7b,0.7,2,10.31,"1. Pakaian: Kemeja formal putih dengan detail kancing. 2. ANALISIS: Warna putih cocok untuk acara wawancara kerja di kantor korporat, namun detail kancing mungkin terlihat formal. 3. SARAN: Tambahkan celana hitam formal dan sepatu kasual atau formal untuk penampilan yang lebih profesional.",Success
2026-03-17 15:09:58,Ollama,qwen2.5vl:7b,0.7,3,17.48,"1. DESKRIPSI: Pria tersebut mengenakan kemeja pendek warna abu-abu dengan kerah dan tiga kancing yang terbuka. Kemeja tersebut tampak bersih dan rapi.  2. ANALISIS: Pakaian tersebut cocok untuk wawancara kerja di kantor korporat. Warna abu-abu yang netral dan kemeja pendek yang bersih memberikan kesan profesional tanpa terlalu formal.  3. SARAN: Pria tersebut bisa mempertimbangkan untuk mengenakan kemeja yang lebih panjang atau menutupi kancing terakhir, untuk lebih mempertegas penampilan yang formal.",Success
2026-03-17 15:10:19,Ollama,qwen2.5vl:7b,1.0,1,20.79,"1. DESKRIPSI: Pria ini mengenakan kemeja lengan pendek warna abu-abu. Kemeja tersebut memiliki kerah lurus dan dua saku di dada. Penampilan pria ini sangat formal dan sesuai untuk acara wawancara kerja.  2. ANALISIS: Pakaian yang dianggap sangat cocok untuk acara wawancara kerja di kantor korporat. Warna abu-abu memberikan kesan profesional dan tidak menonjolkan.  3. SARAN: Penampilan pria ini sudah sangat baik untuk acara wawancara kerja di kantor korporat. Namun, bisa menambahkan sedikit detail atau aksesori seperti jam tangan atau anting-anting untuk penampilan lebih menonjol.",Success
2026-03-17 15:10:33,Ollama,qwen2.5vl:7b,1.0,2,14.36,"1. JENIS PAKAIAN: Kaos kemeja warna abu-abu, panjang lengan pendek, memiliki satu kerah dan tiga tombol di depan. 2. ANALISIS: Pakaian tersebut cocok untuk wawancara kerja di kantor korporat karena terlihat formal dan profesional, meskipun sedikit kurang formal jika dibandingkan dengan atasan. 3. SARAN: Gunakan blazer hitam atau coklat muda untuk memperkuat penampilan dan membuatnya lebih formal.",Success
2026-03-17 15:10:49,Ollama,qwen2.5vl:7b,1.0,3,16.18,"1. DESKRIPSI: Pria ini memakai kemeja putih pendek dengan kerah. Kemeja tersebut terlihat bersih dan rapi.  2. ANALISIS: Pakaian ini cocok untuk wawancara kerja di kantor korporat karena warnanya netral dan professional. Namun, kemeja putih mungkin terlalu serba putih dan kurang menarik.  3. SARAN: Gunakan kemeja berwarna gelap seperti biru atau hitam untuk memberikan tampilan yang lebih profesional dan membedakan diri dari pakaian standar putih.",Success
2026-03-17 15:10:57,Ollama,qwen3-vl:2b,0.1,1,3.74,,Success
2026-03-17 15:11:00,Ollama,qwen3-vl:2b,0.1,2,2.81,,Success
2026-03-17 15:11:03,Ollama,qwen3-vl:2b,0.1,3,2.83,,Success
2026-03-17 15:11:05,Ollama,qwen3-vl:2b,0.4,1,2.83,,Success
2026-03-17 15:11:08,Ollama,qwen3-vl:2b,0.4,2,2.84,,Success
2026-03-17 15:11:11,Ollama,qwen3-vl:2b,0.4,3,2.83,,Success
2026-03-17 15:11:14,Ollama,qwen3-vl:2b,0.7,1,2.85,,Success
2026-03-17 15:11:17,Ollama,qwen3-vl:2b,0.7,2,2.84,,Success
2026-03-17 15:11:20,Ollama,qwen3-vl:2b,0.7,3,2.83,,Success
2026-03-17 15:11:22,Ollama,qwen3-vl:2b,1.0,1,2.84,,Success
2026-03-17 15:11:25,Ollama,qwen3-vl:2b,1.0,2,2.84,,Success
2026-03-17 15:11:28,Ollama,qwen3-vl:2b,1.0,3,2.84,,Success
2026-03-17 15:11:41,Ollama,qwen3-vl:4b,0.1,1,6.37,,Success
2026-03-17 15:11:47,Ollama,qwen3-vl:4b,0.1,2,5.11,1. Light gray short-sleeve button-up shirt dengan kerah dan kancing rapi.   2. Tidak cocok; lengan pendek terlalu kasual untuk wawancara korporat yang membutuhkan penampilan formal.   3. G,Success
2026-03-17 15:11:52,Ollama,qwen3-vl:4b,0.1,3,5.15,,Success
2026-03-17 15:11:57,Ollama,qwen3-vl:4b,0.4,1,5.19,,Success
2026-03-17 15:12:02,Ollama,qwen3-vl:4b,0.4,2,5.20,,Success
2026-03-17 15:12:07,Ollama,qwen3-vl:4b,0.4,3,5.21,,Success
2026-03-17 15:12:13,Ollama,qwen3-vl:4b,0.7,1,5.25,,Success
2026-03-17 15:12:18,Ollama,qwen3-vl:4b,0.7,2,5.26,,Success
2026-03-17 15:12:23,Ollama,qwen3-vl:4b,0.7,3,5.27,1. Light gray short-sleeve button-up shirt dengan kerah rapi dan kain yang terlihat rapi.   2. Tidak cocok; baju lengan pendek terlalu kasual untuk wawancara korporat yang membutuhkan penampilan formal.   3. G,Success
2026-03-17 15:12:28,Ollama,qwen3-vl:4b,1.0,1,5.27,,Success
2026-03-17 15:12:34,Ollama,qwen3-vl:4b,1.0,2,5.29,,Success
2026-03-17 15:12:39,Ollama,qwen3-vl:4b,1.0,3,5.28,,Success
